author,page,line,predicted,truth,char_acc,word_acc,seconds
Abhinav,Abhinav01,00,1 Generatng 20 000 samples n Cartesion,1) Generating 20 000 samples in Cartesian,0.902,0.429,0.0968
Abhinav,Abhinav01,01,spasce:,space:,0.833,0.000,0.0714
Abhinav,Abhinav01,02,"Mlean of 100,l00- td of1.","Mean of 100, 100. std of 1.",0.778,0.143,0.0719
Abhinav,Abhinav01,03,Result looks lher a bell crvre,Result looks like a bell curve,0.833,0.667,0.0709
Abhinav,Abhinav01,04,with valuer that ae correspondeing .,with values that are corresponding.,0.886,0.400,0.0719
Abhinav,Abhinav01,05,Both range and bearng are uncorelated,Both range and bearing are uncorrelated,0.949,0.667,0.0727
Abhinav,Abhinav01,06,Both graphe look normbael,Both graphs look normal.,0.833,0.500,0.0638
Abhinav,Abhinav01,07,2). Generatiny 20 000 camplee in polar,2). Generating 20 000 samples in polar,0.921,0.714,0.0734
Abhinav,Abhinav01,08,"space:"" mean  14).42. std - ) ; radiers",space: mean = 141.42; std = 1; radians,0.763,0.250,0.0568
Abhinav,Abhinav01,09, mean -. 185 Arad.,mean = 0.7854 rad.,0.556,0.250,0.0728
Abhinav,Abhinav01,10,TThe polar looks the a. bell curve;,The polar looks like a bell curve;,0.853,0.571,0.0658
Abhinav,Abhinav01,11,cartesan doas not,cartesian does not,0.889,0.333,0.0695
Abhinav,Abhinav01,12,Correlaton shows a nonnear effect,Correlation shows a nonlinear effect,0.917,0.600,0.0708
Abhinav,Abhinav01,13, between varables r y. So tals,between variables x & y. So this,0.781,0.429,0.0727
Abhinav,Abhinav01,14,"des - cose "" erraors  Can aee","does cause ""errors"". Can see",0.643,0.200,0.0738
Abhinav,Abhinav01,15,the recceescty of the thalnan falter .,the necessity of the Kalman filter.,0.743,0.500,0.0698
Abhinav,Abhinav01,16,3 P1: otid of ranger was reased,3) Q1: std of range was increased,0.758,0.286,0.0733
Abhinav,Abhinav01,17,"1O, 5O, 15 100: Fne at the lower",", 10, 50, 75, 100: Fine at the lower",0.806,0.444,0.0641
Abhinav,Abhinav01,18,end of the pectrun Higher the,end of the spectrum. Higher the,0.903,0.833,0.0720
Abhinav,Abhinav01,19,tandard deviatian the more correlated,standard deviation the more correlated,0.947,0.600,0.0625
Abhinav,Abhinav01,20,the polar coordirates become Loses,the polar coordinates become. Loses,0.943,0.600,0.0748
Abhinav,Abhinav01,21,the bell curre shape for last 805 -.,the bell curve shape for last 3σ's.,0.829,0.714,0.0756
Abhinav,Abhinav01,22,"4 Std was .1,0.9, 5, t0 , s0, 15 , l00:","4). Std was 0.1, 0.5, 5, 10, 50, 75, 100:",0.732,0.300,0.0689
Abhinav,Abhinav01,23,"shape at lower values , more beel cutre","shape at lower values, more bell curve",0.895,0.571,0.0739
Abhinav,Abhinav01,24,at Lagher rangers of uncertanty oppose a,at higher ranges of uncertainty (opposite,0.805,0.333,0.0805
Abhinav,Abhinav01,25,of ather way aronll . As C P ffets,of other way around). As it gets pointier.,0.548,0.375,0.0576
Abhinav,Abhinav02,00,3I Looks rormal belt rve at lower rakes .,5) Looks normal bell curve at lower values.,0.767,0.375,0.0741
Abhinav,Abhinav02,01,T  a always correlated . Becomes,r & θ always correlated. Becomes,0.875,0.333,0.0743
Abhinav,Abhinav02,02,"a banana cre at larger standard """,a banana curve at larger standard,0.879,0.833,0.0689
Abhinav,Abhinav02,03,deviations,deviations.,0.909,0.000,0.0672
Abhinav,Abhinav02,04,tereafter . Al relayonshups are uncorrelats,thereafter. All relationships are uncorrelated,0.826,0.200,0.0724
Abhinav,Abhinav02,05,So at looks tlhe o makers if,So it looks like σ makes it,0.741,0.286,0.0707
Abhinav,Abhinav02,06,hatatahal ,(hahahaha).,0.545,0.000,0.0704
Abhinav,Abhinav02,07,1 nly c : Stayed a bell curve,7) Only x: Stayed a bell curve,0.833,0.571,0.0582
Abhinav,Abhinav02,08,throughout (y4100 so mayber not close:,throughout (y: 100 so maybe not close,0.892,0.429,0.0717
Abhinav,Abhinav02,09, enought ; s amer thing for lo).,enough; same thing for 10).,0.741,0.400,0.0547
Abhinav,Abhinav02,10,st Ornjay: At . dstrobutoors of ar as,8) Only y: At 0. distribution of x is,0.595,0.222,0.0528
Abhinav,Abhinav02,11,banksa s hile polar,banana & y is while polar,0.680,0.167,0.0709
Abhinav,Abhinav02,12,stays the same. at 20 tsor,stays the same. at 20 its or,0.929,0.714,0.0726
Abhinav,Abhinav02,13,looks at basona but ir becomes,looks at banana but x becomes,0.862,0.667,0.0591
Abhinav,Abhinav02,14,U beconers banana futher,y becomes banana further,0.833,0.250,0.0702
Abhinav,Abhinav02,15,away .,away).,0.833,0.000,0.0617
Abhinav,Abhinav02,16,al: Looks the a normal bele curve,9). Looks like a normal bell curve,0.794,0.571,0.0718
Abhinav,Abhinav02,17,though . NoE sure why though Cscorelatd,though. Not sure why though. Uncorrelated,0.829,0.333,0.0714
Abhinav,Abhinav02,18,lol lt  at looks  aflerwarnts. I is,10) 1st it looks afterwards x is,0.594,0.286,0.0516
Abhinav,Abhinav02,19,a banana  y looks ncorelatet .,a banana & y looks Uncorrelated,0.806,0.667,0.0642
Abhinav,Abhinav02,20,Ml . More Eregular the closer of,11). More irregular the closer it,0.788,0.500,0.0706
Abhinav,Abhinav02,21,iis to the orngern,is to the origin.,0.706,0.500,0.0640
Abhinav,Abhinav02,22,MR PC: Just stays normal earher,12) PC: Just stays normal earlier;,0.824,0.667,0.0692
Abhinav,Abhinav02,23,the further of vas away from the,the further it is away from the,0.871,0.714,0.0750
Abhinav,Abhinav02,24,orign - Everythirg as correlated,origin. Everything is correlated.,0.818,0.000,0.0722
Abhinav,Abhinav03,00,Mean 1500 0),"Mean = (500,0)",0.714,0.333,0.0668
Abhinav,Abhinav03,01,Wihat has been donw so far:,What has been done so far:,0.923,0.667,0.0727
Abhinav,Abhinav03,02,a Objects that travel at constant,- Objects that travel at constant,0.970,0.833,0.0688
Abhinav,Abhinav03,03,velocrty and constant acceleratios,velocity and constant acceleration,0.941,0.500,0.0702
Abhinav,Abhinav03,04,to a 20 space - It calculates,in a 2D space. It calculates,0.821,0.500,0.0670
Abhinav,Abhinav03,05,the true vanes of the obgect .,the true values of the object.,0.867,0.667,0.0654
Abhinav,Abhinav03,06,a Gamascan nolse is added for,- Gaussian noise is added for,0.828,0.500,0.0687
Abhinav,Abhinav03,07, Aeasurement nouse-,measurement noise.,0.778,0.000,0.0602
Abhinav,Abhinav03,08,t. As scgmar n the motlon models,- As sigma in the motion models,0.806,0.429,0.0571
Abhinav,Abhinav03,09,i makes the smulated path deviate,makes the simulated path deviate,0.906,0.800,0.0540
Abhinav,Abhinav03,10, from the strought le,from the straight line.,0.739,0.500,0.0576
Abhinav,Abhinav03,11,o NoiDe G0 Monrear . As vadablis,- Noise is nonlinear. As variables,0.647,0.167,0.0655
Abhinav,Abhinav03,12,are correlated Khalman filters,"are correlated, Kalman filters",0.933,0.500,0.0537
Abhinav,Abhinav03,13,struggle with pol ar measwenents .,struggle with polar measurements.,0.848,0.500,0.0639
Abhinav,Abhinav03,14, Sweep through the effect of ther,Sweep through the effect of their,0.939,0.833,0.0675
Abhinav,Abhinav03,15,Tange an order to reduce the ANEES,range in order to reduce the ANEES,0.941,0.714,0.0687
Abhinav,Abhinav03,16,anod RMSE . Get thase conchusions,and RMSE. Get those conclusions,0.871,0.200,0.0764
Abhinav,Abhinav03,17,tomarrow .,tomorrow.,0.778,0.000,0.0744
Abhinav,Abhinav03,18,- ANEES: consustency . Cnear M.,- ANEES: consistency. (near 1).,0.839,0.400,0.0748
Abhinav,Abhinav03,19, RSF: accwacy .,- RMSE: accuracy.,0.647,0.000,0.0535
Abhinav,Abhinav03,20,"Practcal 'I fluctions can be reused ,","Practical 1 functions can be reused,",0.833,0.333,0.0688
Abhinav,Abhinav03,21,Weth the constant relacity and,with the constant velocity and,0.867,0.600,0.0649
Abhinav,Abhinav04,00,The extenslos of motlos of scerart,The extension of motion of scenario,0.800,0.500,0.0699
Abhinav,Abhinav04,01,L s not producing matoor that,1 is not producing motion that,0.833,0.500,0.0713
Abhinav,Abhinav04,02,I Whe . The veloiisty lis moving tke,I like. The velocity is moving like,0.743,0.429,0.0607
Abhinav,Abhinav04,03,tgs .,this.,0.400,0.000,0.0516
Abhinav,Abhinav04,04, A Aofferent model was chosen.,A different model was chosen.,0.897,0.800,0.0604
Abhinav,Abhinav04,05,where ther velocoty as based,where their velocity is based,0.897,0.400,0.0591
Abhinav,Abhinav04,06,iOn thee previous morement-,on their previous movement.,0.778,0.250,0.0642
Abhinav,Abhinav04,07,I changed my mund agous . I have to,I changed my mind again. I have to,0.853,0.750,0.0707
Abhinav,Abhinav04,08,i uot go to the other model anstead.,just go to the other model instead.,0.886,0.714,0.0726
Abhinav,Abhinav04,09,n As ot s an Gease n the,As it is an increase in the,0.667,0.429,0.0714
Abhinav,Abhinav04,10,"turn, I should sweep lower parandes","turn, I should sweep lower parameters",0.892,0.833,0.0562
Abhinav,Abhinav04,11,for b such that the velocsts can,for k such that the velocity can,0.906,0.714,0.0757
Abhinav,Abhinav04,12,be more adbsct valhes over,be more distinct values over,0.786,0.600,0.0615
Abhinav,Abhinav04,13,tine probably need to get the ANEES,time. I probably need to get the ANEES,0.895,0.750,0.0710
Abhinav,Abhinav04,14,plotting done woth one anooher.,plotting done with one another.,0.935,0.600,0.0766
Abhinav,Abhinav04,15,"""the taths and the modeks asso-",The maths and the models asso-,0.867,0.500,0.0730
Abhinav,Abhinav04,16,clated woth of are the sane,ciated with it are the same,0.815,0.333,0.0721
Abhinav,Abhinav04,17,as ther oner s scesarb  . The,as the one in scenario 1. The,0.724,0.286,0.0741
Abhinav,Abhinav04,18, reoultes hever ver expeted to be,results here are expected to be,0.710,0.333,0.0646
Abhinav,Abhinav04,19,very bad such that the EUT has,very bad such that the EKF has,0.933,0.857,0.0658
Abhinav,Abhinav04,20,as even worse performance,an even worse performance,0.960,0.750,0.0730
Abhinav,Abhinav04,21,thas the basene;ee to the,than the baseline; due to the,0.793,0.500,0.0728
Abhinav,Abhinav04,22,motibrs belg so bad . I quess,motion being so bad. I guess,0.750,0.333,0.0690
Abhinav,Abhinav04,23,"thils much laccderatoon , the tls","this much acceleration, the EKF",0.710,0.400,0.0759
Abhinav,Abhinav04,24,2s bourd to fact-. Check radors carefully .,is bound to fail. Check radians carefully.,0.786,0.286,0.0723
Abhinav,Abhinav05,00,The berd's posctlon 2s Cost for,The bird's position is lost for,0.839,0.333,0.0715
Abhinav,Abhinav05,01,porbrcular perbod a,particular period in,0.700,0.000,0.0781
Abhinav,Abhinav05,02,tine . The tone at whoch the,time. The time at which the,0.815,0.500,0.0695
Abhinav,Abhinav05,03,dlsapperance ccr Es varced,disappearance occurs is varied,0.767,0.000,0.0684
Abhinav,Abhinav05,04,of oroder to s cits effects,in order to see it's effects,0.750,0.333,0.0689
Abhinav,Abhinav05,05,on the performance of the ElRe.,on the performance of the EKF.,0.900,0.833,0.0731
Abhinav,Abhinav05,06,The pat Scenarse wel probably,The input scenario will probably,0.750,0.400,0.0627
Abhinav,Abhinav05,07,"be hept ane scenarb ( , whore","be kept as scenario 4, where",0.714,0.167,0.0778
Abhinav,Abhinav05,08,the movement of sher obgect as,the movement of the object is,0.862,0.500,0.0728
Abhinav,Abhinav05,09,perhaps mast randan .,perhaps mostly random.,0.727,0.333,0.0771
Abhinav,Abhinav05,10,The banselne would probably hare,The baseline would probably have,0.906,0.600,0.0780
Abhinav,Abhinav05,11,to be kept solent (fust stops thes,to be kept silent (just stop) when,0.853,0.429,0.0705
Abhinav,Abhinav05,12,"no dator 5s avaloable , heep the","no data is available, keep the",0.767,0.333,0.0723
Abhinav,Abhinav05,13,datar is the nas format rather,data in the nan format rather,0.897,0.500,0.0720
Abhinav,Abhinav05,14,"2lan G0 , becomse that is as","than 0,0, because that is an",0.714,0.333,0.0699
Abhinav,Abhinav05,15,actual pasotlom that the object,actual position that the object,0.871,0.800,0.0807
Abhinav,Abhinav05,16,"Can , acoupy -the baselne could",can occupy. The baseline could,0.700,0.400,0.0804
Abhinav,Abhinav05,17, probably stoky solent. during thrs,probably stay silent during this,0.812,0.400,0.0772
Abhinav,Abhinav05,18,drator The Eh Gs expected,duration. The EKF is expected,0.759,0.400,0.0813
Abhinav,Abhinav05,19,to perform enoedsbly bally a,to perform incredibly badly in,0.767,0.400,0.0813
Abhinav,Abhinav05,20,thes scenarso as well thhe ElRF ,this scenario as well. The EKF,0.733,0.167,0.0772
Abhinav,Abhinav05,21,Es fuse takng cis . Uatihe 6he,is just taking L's. Unlike the,0.633,0.000,0.0894
Abhinav,Abhinav05,22,"other sscenrbts , thuils one 2","other scenarios, this one is",0.679,0.400,0.0651
Abhinav,Abhinav05,23,uused ta drectly generate,used to directly generate,0.880,0.250,0.0721
Abhinav,Abhinav05,24,"Cpordvates , bat rather mdnepulato","coordinates, but rather manipulate",0.735,0.250,0.1137
Abhinav,Abhinav05,25,the coordrates during the conversiton,the coordinates during the conversion,0.919,0.600,0.1032
Abhinav,Abhinav05,26, pracees: and pat Od an there,process; and put 0's in there,0.690,0.333,0.0830
Abhinav,Abhinav05,27,o that ne can isbrel,so that one can still,0.714,0.400,0.0831
Abhinav,Abhinav05,28,a clean fouth . please modity,a clean truth. Please modify,0.821,0.600,0.0865
Abhinav,Abhinav05,29,the EaMP suchs that only preoduct isdow forN. .,the EKF such that only predict is done for Nan.,0.745,0.300,0.0867
Abhinav,Abhinav06,00,retuns to constant relacsty and,returns to constant velocity and,0.875,0.600,0.0814
Abhinav,Abhinav06,01,stabalises there-Gare a statc,stabalises there. Give a state,0.833,0.400,0.0785
Abhinav,Abhinav06,02,space representatorn theres . Fatre,space representation therein. Future,0.833,0.250,0.0757
Abhinav,Abhinav06,03,recarch to compare the two,research to compare the two,0.926,0.800,0.0739
Abhinav,Abhinav06,04,unoer the scenarb's defred above,under the scenario's defined above,0.853,0.400,0.0736
Abhinav,Abhinav06,05,could be conislered .,could be considered.,0.800,0.667,0.0762
Abhinav,Abhinav06,06,One-clrectors accderatos,one-direction acceleration,0.615,0.000,0.0725
Abhinav,Abhinav06,07,When the acderatlos Go betwrees,When the acceleration is between,0.719,0.400,0.0772
Abhinav,Abhinav06,08,"a0d and ), the barselie performs","0.01 and 1, the baseline performs",0.818,0.500,0.0799
Abhinav,Abhinav06,09,conslderably bbetter than the flc .,considerably better than the EKF.,0.818,0.400,0.0757
Abhinav,Abhinav06,10,"Darng thas tine , the","During this time, the",0.762,0.250,0.0717
Abhinav,Abhinav06,11,Scresers steadly Whole,increases steadily. While,0.720,0.000,0.0715
Abhinav,Abhinav06,12,evertually capped ot ther maxhnwnn,eventually capped at the maximum,0.750,0.200,0.0712
Abhinav,Abhinav06,13,"aspeed caucherved by the burd , the","speed achieved by the bird, the",0.774,0.500,0.0727
Abhinav,Abhinav06,14,inctal error s to slfocant,initial error is to significant,0.742,0.400,0.0722
Abhinav,Abhinav06,15,for ther falter Go recover . At the,for the filter to recover. At the,0.879,0.429,0.0749
Abhinav,Abhinav06,16,"vow acderates , the changes a","low acceleration, the changes in",0.719,0.400,0.0734
Abhinav,Abhinav06,17,relacty . ae 6o miaschle for f,velocity are to miniscule for it,0.625,0.167,0.0735
Abhinav,Abhinav06,18,to meannafully affecte performane,to meaningfully affect performance,0.882,0.250,0.0756
Abhinav,Abhinav06,19,"of the EE . "" A high accleratibsy,","of the EKF. At high acceleration,",0.727,0.500,0.0714
Abhinav,Abhinav06,20,teaclies of matmin,reaches it maximum,0.500,0.000,0.0646
Abhinav,Abhinav06,21,apeed toro aaacely.,speed too quickly,0.588,0.000,0.0763
Abhinav,Abhinav06,22,for the EhF ta.,for the EKF to,0.786,0.500,0.0779
Abhinav,Abhinav06,23,for a long tine so 2t,"for a long time, so it",0.864,0.667,0.0743
Abhinav,Abhinav06,24,reacher the Constant  state,reaches the constant velocity state,0.714,0.600,0.0742
Abhinav,Abhinav07,00,look at flqures fost .,Look at figures first.,0.727,0.500,0.0747
Abhinav,Abhinav07,01,stay concase .,- Stay concise.,0.667,0.333,0.0718
Abhinav,Abhinav07,02,- Interpt:goas further thas a deserpla .,- Interpret: goes further than a description.,0.756,0.429,0.0765
Abhinav,Abhinav07,03,Answe the follownig  ,Answer the following:,0.762,0.333,0.0723
Abhinav,Abhinav07,04,1 what as the mows fndy.,1) What is the main finding?,0.607,0.333,0.0738
Abhinav,Abhinav07,05, what doas it meay.,2) What does it mean?,0.714,0.400,0.0741
Abhinav,Abhinav07,06,31 why as at uportart:,3) Why is it important?,0.652,0.200,0.0701
Abhinav,Abhinav07,07,"- Focut on fends , doffererles , relatsoshps ,","- Focus on trends, differences, relationships,",0.739,0.333,0.0748
Abhinav,Abhinav07,08,esles.,results.,0.625,0.000,0.0724
Abhinav,Abhinav07,09,- If there is  a feguwe anomalyy,"- If there is a figure anomaly,",0.871,0.714,0.0716
Abhinav,Abhinav07,10,he Ww laok s the Gect.,he will look in the text.,0.640,0.333,0.0726
Abhinav,Abhinav07,11,-  why the result matters a,- Why the result matters?,0.840,0.800,0.0740
Abhinav,Abhinav07,12,maker swe Gnterpretatsos o ffors,make sure interpretation offers,0.742,0.000,0.0774
Abhinav,Abhinav07,13, Something new compoed Go the fifwer,Something new compared to the figure-,0.784,0.500,0.0746
Abhinav,Abhinav07,14,Rubrg Gist on the slodes.,- Rubric is in the slides.,0.692,0.167,0.0756
Abhinav,Abhinav07,15,- . Nouster doffgrent stages.,- Master different stages.,0.731,0.500,0.0761
Abhinav,Abhinav07,16,"- . Pager Cn06 trof 8s Cerent, can go","- Page limit: Prof is lenient, can go",0.622,0.375,0.0727
Abhinav,Abhinav07,17,lahtle aboe.,slightly above.,0.667,0.000,0.0768
Abhinav,Abhinav07,18,nt the parge number n the,- Put the page number in the,0.786,0.429,0.0735
Abhinav,Abhinav07,19,Otatoon .,citation.,0.556,0.000,0.0692
Abhinav,Abhinav07,20,- ramerwart then Gnsfrratoons,- Framework then instructions,0.690,0.500,0.0727
Abhinav,Abhinav07,21,- . Maker varbables ddstrict . - laok,- Make variables distinct- look,0.645,0.200,0.0747
Abhinav,Abhinav07,22,at cammon pbfalls.,at common pitfalls.,0.842,0.333,0.0737
Abhinav,Abhinav07,23,"Metrles - use theory , slioles or Cterature""","- Metrics - use theory, slides or literature.",0.778,0.375,0.0776
Abhinav,Abhinav07,24,- . DonIt expect the reader Ea z0on.,- Don't expect the reader to zoom.,0.794,0.571,0.0823
Abhinav,Abhinav07,25,- 1se grod mes .,- Use grid lines-,0.588,0.250,0.0765
Abhinav,Abhinav07,26,- . Alse vector graphtces .,- Use vector graphics.,0.682,0.500,0.0749
Abhinav,Abhinav07,27,"When a doubt , compare to Gerative-","- When in doubt, compare to literature.",0.718,0.429,0.0778
Abhinav,Abhinav07,28,cherek wther - the :,"- check ""the"" - ""the",0.550,0.200,0.0730
Abhinav,Abhinav08,00,agar agais .,again again.,0.667,0.000,0.0756
Abhinav,Abhinav08,01,Optimal taat ntrsl:,Optimal test intervals:,0.696,0.333,0.0735
Abhinav,Abhinav08,02,Is before the trn,1: before the turn,0.833,0.500,0.0710
Abhinav,Abhinav08,03,2 Deimng the trn,2: During the turn,0.722,0.250,0.0722
Abhinav,Abhinav08,04,3: Alficar te trn,3: After the turn,0.647,0.250,0.0728
Abhinav,Abhinav08,05,"belter , and f s the sane dwring","better, and it is the same during",0.788,0.286,0.0724
Abhinav,Abhinav08,06,2 and 3. Whole the basehlo does,2 and 3. While the baseline does,0.844,0.714,0.0745
Abhinav,Abhinav08,07,"per form better at o few terms ,","perform better at a few terms,",0.900,0.500,0.0644
Abhinav,Abhinav08,08,the dopperence between tham Os,the difference between them is,0.833,0.400,0.0739
Abhinav,Abhinav08,09,mar gerial . Howng move Monbe Carlo,marginal. Having more Monte Carlo,0.697,0.200,0.0737
Abhinav,Abhinav08,10,rns can verrfy thos . The porsobb,runs can verify this. The position,0.706,0.333,0.0829
Abhinav,Abhinav08,11,RMSE anly gods above 5o at 2800,RMSE only goes above 80 at 250°,0.806,0.429,0.0837
Abhinav,Abhinav08,12," bn , and this gust seems so be due","turn, and this just seems to be due",0.829,0.625,0.0795
Abhinav,Abhinav08,13,to the obgect headlp away from,to the object heading away from,0.871,0.667,0.0628
Abhinav,Abhinav08,14,the senoor during the manwer .,the sensor during the manuver.,0.867,0.600,0.0764
Abhinav,Abhinav08,15,When moes ruso tee dones the CIRR,"When more runs were done, the EKF",0.667,0.286,0.0757
Abhinav,Abhinav08,16,"performed better , so of can be","performed better, so it can be",0.900,0.667,0.0766
Abhinav,Abhinav08,17,Cncluoled the BhR can,concluded the EKF can,0.667,0.500,0.0742
Abhinav,Abhinav08,18,be used 6o Erack fons a whes,be used to track turns. when,0.714,0.333,0.0752
Abhinav,Abhinav08,19,the tws co arly enough . Howerer,the turn is early enough. However,0.758,0.167,0.0751
Abhinav,Abhinav08,20,whe the tws aas away then the,"when the turn is away, then the",0.774,0.429,0.0794
Abhinav,Abhinav08,21,systerm moght not work at,system might not work at,0.917,0.600,0.0785
Abhinav,Abhinav08,22,all. Floatng pant errors ol,all. Floating point errors will,0.806,0.400,0.0755
Abhinav,Abhinav08,23,aloo have a factor of that pou .,also have a factor of that point.,0.879,0.714,0.0795
